FRAMES,FP1_FORCE_X,FP1_FORCE_Y,FP1_FORCE_Z,FP1_COFP_X,FP1_COFP_Y,FP1_COFP_Z,FP1_FREEMOMENT_Z,FP2_FORCE_X,FP2_FORCE_Y,FP2_FORCE_Z,FP2_COFP_X,FP2_COFP_Y,FP2_COFP_Z,FP2_FREEMOMENT_Z,Heel_contact_1,Toe_off_1,Heel_contact_2,Toe_off_2
2185.0,-4.214391295800684,21.352768525888166,101.12562324019821,0.30907000000000007,0.29813000000000006,0.0,0.5095976572516828,-0.20878818104944197,0.6416030109174932,8.798590240854303,0.54439,0.020450000000000003,0.0,0.21406379825773053,948.0000000000001,2382.0,2185.0000000000005,3578.0000000000005
2186.9700000000003,-4.151255825033946,21.447889394470295,100.6559504131863,0.30900075651058007,0.2982295299356272,0.0,0.5054266345534516,-0.2788279154254771,0.785007671339555,11.300626332355113,0.3931609938851086,0.35791354033702866,0.0,0.26277993852987347,948.0,2382.0000000000005,2185.0000000000005,3578.0000000000005
2188.94,-4.086621148608811,21.540836853704903,100.17811516610237,0.308905659174776,0.2983627940889472,0.0,0.5012299253717187,-0.35818073790486277,0.9248511391475309,13.969407833871513,0.3226541824803916,0.5187581653993942,0.0,0.31357578157533594,948.0,2381.9999999999995,2184.9999999999995,3578.0
2190.91,-4.020515361894465,21.63147659422547,99.69191107369996,0.3088618193846227,0.29858912879200034,0.0,0.49700185656615103,-0.4464912581592002,1.0544502515603835,16.753686922934726,0.28203185548166915,0.6129677012689055,0.0,0.365493962367937,947.9999999999999,2382.0,2185.0,3577.9999999999995
2192.88,-3.9529732439643137,21.719689767133218,99.19703910856681,0.30899856859132235,0.29884169824695356,0.0,0.49273662324393125,-0.5431622419658411,1.166454878676694,19.596164063774207,0.25647555359688545,0.6707386576487323,0.0,0.4175394152711836,948.0000000000002,2382.0,2185.0000000000005,3578.0000000000005
2194.8500000000004,-3.8840347031022864,21.805371844993413,98.69309500462548,0.3089811840591119,0.2991353421677738,0.0,0.4884282765601111,-0.6473479096140424,1.2530426456933939,22.435978720434253,0.2416390949916948,0.7034462771314961,0.0,0.46872827318182425,948.0000000000001,2382.0000000000005,2185.0,3578.0000000000005
2196.8199999999997,-3.8137425622379086,21.88843036904822,98.17956088448774,0.3089549736005682,0.2992595783683849,0.0,0.48407063422160024,-0.7579480164479225,1.3061511201528795,25.211526971164762,0.23130439810183012,0.7263459228525692,0.0,0.51813638339368,948.0,2381.9999999999995,2185.0,3578.0
2198.789999999999,-3.7421397298758863,21.96878118922454,97.65580311651995,0.3088705231761881,0.2993349395854815,0.0,0.4796571931882,-0.8736022971570385,1.3177422944708195,27.863428880121873,0.22354438118755884,0.7413759168932685,0.0,0.564943895598152,947.9999999999998,2381.9999999999995,2184.9999999999995,3577.999999999999
2200.76,-3.669265904960532,22.046342794911116,97.12107831093662,0.3087695912344222,0.2996563614079476,0.0,0.47518112449259053,-0.9926860779691827,1.2800909332342165,30.337441938684695,0.21831778768814278,0.7502626352043469,0.0,0.6084726540102383,948.0000000000002,2382.0000000000005,2185.0000000000005,3578.000000000001
2202.73,-3.595154061321418,22.121028609501682,96.57454880063408,0.3087634026974241,0.29979511492373145,0.0,0.4706353911035719,-1.1133094825953573,1.186084671483774,32.58710891987472,0.21493197443581577,0.7548682007567731,0.0,0.6482136783984321,948.0,2382.0,2185.0,3578.0
2204.7,-3.5198269909554387,22.192737462912312,96.0153079922811,0.3087114299779957,0.2998991188819303,0.0,0.46601298899322363,-1.2333243669854166,1.029520290228452,34.57594185106029,0.21297924006804367,0.756429317454138,0.0,0.6838428544792153,948.0000000000001,2382.0000000000005,2185.0,3578.0000000000005
2206.67,-3.443294154415456,22.26134282101081,95.44241483295572,0.3085324255214365,0.3001090656786764,0.0,0.46130728537828936,-1.3503444298555742,0.8053783505313167,36.27897971482905,0.21213338860297973,0.7555690015324912,0.0,0.7152240408859887,948.0000000000001,2382.0,2185.0,3577.9999999999995
2208.64,-3.365549064206965,22.326681738224565,94.8549353104668,0.3084175508982176,0.30023476712356834,0.0,0.4565124084666199,-1.4617842517153876,0.5100584161539019,37.68361290889181,0.2122127303687256,0.7524891640506076,0.0,0.742400043550162,948.0000000000001,2382.0,2184.9999999999995,3577.999999999999
2210.6100000000006,-3.2865674315078772,22.388544750859985,94.2519876230599,0.3085261830129994,0.30032808488721413,0.0,0.4516236402691297,-1.56492176543783,0.14156006777522517,38.789635286140516,0.21315633938495532,0.7490429344803128,0.0,0.7655731295427073,948.0000000000002,2382.0000000000005,2185.0000000000005,3578.000000000001
2212.58,-3.2063063032929215,22.446667929690356,93.63278686809741,0.30842479706500536,0.3005180790380411,0.0,0.4466377946047816,-1.6569857053096457,-0.3003995265311362,39.608554923304965,0.21470321357747502,0.7455317799902209,0.0,0.7850776806798824,947.9999999999999,2381.999999999999,2185.0,3577.999999999999
2214.5500000000006,-3.1247043711780065,22.500728117451125,92.99668500064574,0.30828953889006133,0.300739452542794,0.0,0.4415536123454271,-1.7352654900795967,-0.8143339929327522,40.162257371915224,0.21662403286976487,0.7435407909604079,0.0,0.8013479921133247,948.0000000000001,2382.000000000001,2184.9999999999995,3578.0
2216.52,-3.0416835365573527,22.550342065373094,92.34320232412986,0.30830457315326826,0.30092088225761215,0.0,0.4363722334197044,-1.7972369272361417,-1.396998628043312,40.48116211664604,0.2184887990809005,0.7432080957461924,0.0,0.8148840986385305,948.0,2382.0,2184.9999999999995,3578.0
2218.4899999999993,-2.9571516912765703,22.5950698108896,91.67204771897107,0.30826840888883356,0.3009605507064003,0.0,0.4310977617373331,-1.8406942217958862,-2.04345648045692,40.60204045030255,0.2195221211813674,0.7438232419510528,0.0,0.8262180837173675,948.0,2381.9999999999995,2185.0,3577.9999999999995
2220.4600000000005,-2.871006534974988,22.634422260658155,90.9831259613666,0.30828482814132596,0.3010987840488099,0.0,0.4257378425114708,-1.8638776125349732,-2.7471907895635304,40.565670972343476,0.21998907816959043,0.7449969740773352,0.0,0.8358828316449516,948.0000000000001,2382.0000000000005,2185.0000000000005,3578.0
2222.4300000000003,-2.783140134308286,22.66787263988829,90.27653166964848,0.30835425084017143,0.301378309169538,0.0,0.42030411157270536,-1.8655864741680697,-3.5002548285376784,40.41450031695438,0.22019014711621793,0.7462546776895547,0.0,0.8443847149246908,948.0,2382.0,2185.0,3578.0000000000005
2224.4000000000005,-2.6934438702398897,22.694871303711803,89.5525306150865,0.3082865880535711,0.3015830899937203,0.0,0.41481238573277107,-1.845269448660361,-4.293450695417306,40.19045586724594,0.2201090832611339,0.7473341788569305,0.0,0.8521812524391028,947.9999999999999,2381.9999999999995,2185.0,3578.0000000000005
2226.3700000000003,-2.60181341496388,22.714863333291305,88.81153027754948,0.3080775031385227,0.30174118956899065,0.0,0.4092825088318742,-1.8030854818486992,-5.116529424548419,39.93302844535453,0.22004265287251104,0.7492753426848516,0.0,0.8596643271186093,948.0000000000001,2382.0000000000005,2185.0000000000005,3578.0
2228.3399999999997,-2.5081534204267464,22.727308253500407,88.05404234966916,0.30814171863354556,0.3021009438517471,0.0,0.4037378183866284,-1.7399319660831258,-5.95840605418547,39.67770993812591,0.219729210920614,0.7506884161289322,0.0,0.8671491482880259,947.9999999999999,2381.9999999999995,2184.9999999999995,3578.0
2230.3100000000004,-2.412381675858229,22.731701029134324,87.28064031827287,0.3081838147644835,0.30255254163704687,0.0,0.3982042485329437,-1.6574382096607903,-6.807384912203716,39.45483653711925,0.21932611732118626,0.7522829997944716,0.0,0.8748688046649549,948.0,2382.0,2185.0,3578.0
2232.28,-2.31443258689973,22.727593237696812,86.49191548053145,0.30801808326295443,0.302742747247203,0.0,0.39270914448978184,-1.5579242199520864,-7.651391972498823,39.288855272963225,0.21881785938286616,0.7539043972231568,0.0,0.882973968920967,948.0,2381.9999999999995,2185.0000000000005,3578.0000000000005
2234.25,-2.214259932310981,22.71461309787036,85.68843481880963,0.307980713052718,0.3027901140480221,0.0,0.38727991408623247,-1.4443265154867206,-8.478212274098174,39.19800183106703,0.21812745455402102,0.755354287969282,0.0,0.8915370710567905,947.9999999999999,2382.0,2185.0,3577.9999999999995
2236.22,-2.111838930000883,22.692482965378677,84.87070377770944,0.3080395259947295,0.302848355429284,0.0,0.3819426616817343,-1.3200944099265222,-9.275730942757065,39.19435271605417,0.21752867408901952,0.7566091484853839,0.0,0.900560069647391,947.9999999999998,2381.999999999999,2184.9999999999995,3577.999999999999
2238.19,-2.0071676541438577,22.66103303462219,84.03913603207143,0.30804969297812596,0.30308586329684933,0.0,0.3767209452419376,-1.1890617396159104,-10.03217644072194,39.28419577981319,0.21706279701983733,0.7577129630869219,0.0,0.9099848461019903,948.0000000000001,2382.0,2185.0000000000005,3578.000000000001
2240.1600000000003,-1.9002678012503766,22.620210252277126,83.19403134856717,0.3079393178203912,0.3035231732678617,0.0,0.37163478004915984,-1.0553001579153036,-10.736364432861897,39.46865061060813,0.21658405838790698,0.7587633301436435,0.0,0.9197052398059705,947.9999999999999,2382.0,2185.0,3578.0
2242.13,-1.7911847312799523,22.570081760676043,82.33556206904946,0.30796525552079373,0.3035479408985463,0.0,0.36669997971804447,-0.9229609173195653,-11.37794005459386,39.74446427394114,0.21615428846912832,0.7597938459683502,0.0,0.9295798185743381,948.0,2382.0,2185.0000000000005,3578.0
2244.1,-1.6799866605574376,22.510832506290246,81.46376838746674,0.30784174353601196,0.30372776334302887,0.0,0.3619278779820181,-0.7961125933413978,-11.947615296420112,40.10490777983719,0.2158130144173189,0.7604412612946372,0.0,0.939444611578562,948.0,2382.0,2185.0000000000005,3577.9999999999995
2246.0700000000006,-1.5667629330684274,22.44275699118795,80.57856206931984,0.3071425425943355,0.30386630003483556,0.0,0.3573254203460777,-0.6785824219711791,-12.437396766718235,40.54070355808728,0.2154905955175776,0.7614442228716088,0.0,0.9491251855356089,948.0,2382.0000000000005,2185.0,3578.0
2248.0399999999995,-1.4516214192319794,22.36624549858852,79.67973749003835,0.307505220427252,0.3041053242389828,0.0,0.3528955573599021,-0.5738086915948583,-12.84079758363589,41.0409231132598,0.21535854278039165,0.7621931888728039,0.0,0.9584475904332322,947.9999999999999,2382.0,2185.0,3578.0
2250.0100000000007,-1.3346851811390128,22.281765421955612,78.76698813827836,0.3075576623387145,0.3042300565024938,0.0,0.34863782772899915,-0.4847109221395658,-13.1530259445131,41.59380564378005,0.21516844497309923,0.7630551568338163,0.0,0.9672478243912868,948.0000000000002,2382.0,2185.0000000000005,3578.0000000000005
2251.98,-1.2160886080836055,22.189838530509455,77.8399263171745,0.3074582023860596,0.3043481126348934,0.0,0.34454901472068433,-0.4135835093638851,-13.371142241326504,42.1874614818113,0.21504898480638795,0.7639811197816646,0.0,0.9753795720816466,948.0000000000001,2382.0,2185.0,3578.0
2253.9500000000007,-1.0959733096708444,22.09101512755637,76.89810373716413,0.307557942488701,0.3045444255771339,0.0,0.3406237866542921,-0.3620172882780626,-13.494176488628042,42.81043765591196,0.214949018645809,0.7648289743607481,0.0,0.9827200819858114,948.0000000000002,2382.0000000000005,2185.0000000000005,3578.0000000000005
2255.9200000000005,-0.9744841204381404,21.985846125463347,75.94103094864806,0.3075561223246389,0.3047865832737241,0.0,0.33685525798415944,-0.3308521579694757,-13.523198304282145,43.45213574634655,0.21466384207657166,0.7655587780434056,0.0,0.9891741778080935,948.0000000000001,2382.0,2185.0000000000005,3578.0000000000005
2257.8900000000003,-0.8517656551393998,21.8748540749845,74.96819409656072,0.3073895434259689,0.3051362663500194,0.0,0.33323542666606265,-0.32016246701625145,-13.461332820257692,44.103083830595736,0.21462656883692238,0.7660531571828939,0.0,0.9946765268721373,948.0000000000003,2382.0000000000014,2185.000000000001,3578.0000000000014
2259.86,-0.7279599250151144,21.758504140527833,73.97906827342973,0.3075415303255964,0.30529110192053693,0.0,0.32975546758542734,-0.3292752614023709,-13.313717738694912,44.75507424558872,0.2144572860665753,0.7668368384563442,0.0,0.9991923798663443,948.0,2382.0,2184.9999999999995,3578.0
2261.8300000000004,-0.6032054125337301,21.637175921194533,72.97312773829117,0.30762573562810547,0.30566407869686907,0.0,0.3264058900018593,-0.3568198361993706,-13.087399168223273,45.40118666711101,0.21443836122552873,0.7671961413617179,0.0,1.0027170421123097,948.0000000000001,2382.000000000001,2185.0000000000005,3578.000000000001
2263.8,-0.47763772011085054,21.511136910654848,71.94985443014048,0.3079781942481441,0.30660433240166096,0.0,0.32317660021084765,-0.4008054755472927,-12.791166610285948,46.03572126304881,0.2141883672035914,0.7679980043904667,0.0,1.0052743530259818,947.9999999999999,2381.9999999999995,2184.9999999999995,3577.9999999999995
2265.7700000000004,-0.351391670199828,21.380518290296717,70.90874729237869,0.3078278668316555,0.306563998500359,0.0,0.3200569415556859,-0.45872293075208853,-12.435330272421464,46.65406926436352,0.21396241946742195,0.768880343765277,0.0,1.0069144496697648,948.0000000000002,2382.000000000001,2185.0000000000005,3578.0000000000014
2267.7400000000007,-0.22460465306417166,21.245293674406422,69.8493353496433,0.3075917891237311,0.30638342146086145,0.0,0.31703579377551966,-0.527664113419529,-12.031446653658856,47.252548293595346,0.21376414691318593,0.769659551798276,0.0,1.007711066196512,948.0000000000002,2382.0000000000005,2185.0000000000005,3578.000000000001
2269.7100000000005,-0.09742103275147541,21.105261400094495,68.77119646642846,0.3075357199609112,0.306665315987303,0.0,0.3141017949193676,-0.6044537026183746,-11.592000975433228,47.828227480074055,0.21351045628592677,0.7704058254561099,0.0,1.0077585696707019,948.0,2382.0,2185.0000000000005,3578.0000000000005
2271.6800000000003,0.03000255296830531,20.960030992131557,67.67398131598972,0.30740273183827055,0.3068498871908855,0.0,0.3112437060927845,-0.6857859232059778,-11.130057332091354,48.37876332350263,0.21315989016847986,0.7712068540259013,0.0,1.0071688641971739,948.0000000000001,2382.000000000001,2185.0000000000005,3578.0000000000005
2273.65,0.15749117904169163,20.809014482787248,66.55744007406317,0.307478356669536,0.30704383405096614,0.0,0.30845088768992146,-0.7683596926247948,-10.658889184993853,48.90226211420218,0.2128961755345544,0.77191610719506,0.0,1.0060682279102884,948.0000000000001,2382.0000000000005,2185.0,3578.0000000000005
2275.6200000000003,0.28484517638918333,20.65142326899753,65.42144882834711,0.30729470164802314,0.3076801776138767,0.0,0.30571382264771463,-0.8490057024913521,-10.191603867415147,49.39717907328898,0.21249659597125958,0.7724542847648319,0.0,1.0045941010952588,948.0,2382.000000000001,2185.0,3578.000000000001
2277.59,0.4118336154592082,20.486271131426765,64.26603300620867,0.3072387667328514,0.3073260907656409,0.0,0.3030246183576259,-0.9247997833632551,-9.740775063521486,49.862258790707465,0.21221554405846127,0.773218090278907,0.0,1.0028918264899591,948.0,2382.0,2185.0,3578.0
2279.5600000000004,0.5381881541829577,20.312383959262824,63.09138568448811,0.3074353489158455,0.30788315416889617,0.0,0.3003774254580072,-0.9931579755812987,-9.318096822335935,50.29651649525595,0.21190262820494074,0.7738926492723799,0.0,1.001111341354974,948.0000000000002,2382.0000000000005,2185.0000000000005,3578.000000000001
2281.5300000000007,0.6635976339148748,20.128416655988296,61.89787931547295,0.30754442424049083,0.30822810691948266,0.0,0.2977687139658128,-1.051909932616383,-8.934071628711065,50.69925546891952,0.21162041289560768,0.7743267920192078,0.0,0.9994038144589652,948.0000000000002,2382.000000000001,2185.000000000001,3578.0000000000014
2283.5000000000005,0.7877037436969321,19.932877593477777,60.68607012454308,0.30766337345002104,0.30847123427811685,0.0,0.2951973548150535,-1.0993485065505884,-8.59774342492801,51.07011272868906,0.2113850738469271,0.7747770297256767,0.0,0.9979182050859214,948.0000000000002,2382.0,2185.0000000000005,3578.0000000000005
2285.4700000000007,0.9100980320954976,19.72416077585265,59.45669517190735,0.3077840086712345,0.30885925882587184,0.0,0.2926644790036349,-1.1342545879134944,-8.316484359972245,51.40912316234422,0.21115058192056915,0.775266687301133,0.0,0.9967977099727366,948.0000000000002,2382.0000000000014,2185.000000000001,3578.0000000000014
2287.4399999999996,1.0303205761653618,19.500585584139866,58.210662792251,0.30777617403399965,0.30932629500577163,0.0,0.29017312338488127,-1.1558974982074943,-8.095841614824618,51.71679161339518,0.21091292894947913,0.7755970546591363,0.0,0.9961760733954339,947.9999999999999,2381.9999999999995,2185.0,3577.9999999999995
2289.4100000000003,1.1478607296241594,19.26044361973775,56.949037786253655,0.3078997188791259,0.30957223918338556,0.0,0.28772770955924937,-1.1640124146531379,-7.939448073216002,51.99416273956189,0.210784954590396,0.7759497964428353,0.0,0.9961737714723524,948.0000000000001,2382.0000000000005,2185.0,3578.0000000000005
2291.3799999999997,1.262160419397945,19.002051823890326,55.67302315924226,0.30777507939239185,0.30972680971871874,0.0,0.28533342262041284,-1.1587573643840101,-7.848998005566469,52.24287955740431,0.21055072117711085,0.7761948405560289,0.0,0.996894136193877,948.0,2382.0,2185.0,3578.0000000000005
2293.35,1.3726203451166974,18.723810813442665,54.383940285159326,0.30786155018567996,0.31038231772492647,0.0,0.2829955562845367,-1.1406532127177416,-7.824286426576045,52.46522320576738,0.21040685734969036,0.7765667510903531,0.0,0.9984195376223418,948.0000000000001,2382.0,2185.0,3578.0000000000005
2295.32,1.478609244039735,18.424267207568704,53.08320929943888,0.30806677101614927,0.31096343332046666,0.0,0.2807188794778601,-1.1105107754324643,-7.863308475876714,52.66412842314479,0.21033502753938663,0.7766103959185204,0.0,1.000807783496989,948.0000000000001,2382.0000000000005,2185.0000000000005,3578.000000000001
2297.29,1.5794761740237528,18.102178500858482,51.77233149832359,0.3084828456123631,0.311368635529573,0.0,0.27850705843404644,-1.0693497045199312,-7.962413123507064,52.84317134842451,0.2101615465940223,0.7768940965804024,0.0,1.0040889307882948,948.0000000000002,2382.0,2185.0,3578.0
2299.2600000000007,1.6745655510230626,17.75657867418453,50.45287545961744,0.308529243186891,0.31174318345656815,0.0,0.2763621462476642,-1.0183141146316654,-8.116503754605478,53.006528337122226,0.21000838883353404,0.777345977535124,0.0,1.0082627356136435,948.0000000000002,2382.000000000001,2185.0000000000005,3578.000000000001
2301.2299999999996,1.763234459739003,17.386842237580225,49.1264681416502,0.308253595512255,0.3120523010277638,0.0,0.27428414275910173,-0.9585899987309617,-8.319276794045459,53.15890637080968,0.20999283144823822,0.77779341288441,0.0,1.0132969862356709,947.9999999999999,2381.9999999999995,2184.9999999999995,3578.0
2303.2000000000007,1.8448715190675846,16.99274384801715,47.79479128370342,0.3081702489321182,0.31233713309395994,0.0,0.272270627511852,-0.8913292929812631,-8.56348854343888,53.305447213644406,0.21002823435865234,0.7781588383013799,0.0,1.0191269573401205,948.0000000000001,2382.000000000001,2185.0,3578.000000000001
2305.1700000000005,1.9189163407272507,16.57451017390099,46.45958244118406,0.3086508878769634,0.31301687759814995,0.0,0.2703164628482389,-0.8175849784887166,-8.841239830630457,53.45160879515334,0.20971415269807836,0.7785598753527097,0.0,1.0256561870225693,948.0000000000003,2382.0000000000005,2185.0000000000005,3578.0000000000014
2307.14,1.9848784257547698,16.132860418365766,45.12263936422021,0.3089696755356811,0.3136997895648533,0.0,0.26841356305446584,-0.738260871731472,-9.144267894771973,53.603028494772246,0.20961513896941003,0.7788573614228032,0.0,1.0327587146277117,948.0000000000002,2382.0,2185.0,3578.0
2309.11,2.0423542430206942,15.669031896309242,43.7858263100279,0.3088447868733724,0.31440770225014136,0.0,0.26655073795257617,-0.6540788036687015,-9.46423512028749,53.76537401287297,0.20962776393128765,0.7793477440247073,0.0,1.0402828408171585,948.0000000000002,2382.0000000000005,2185.0,3578.0
2311.0800000000004,2.09104127033249,15.184787274400012,42.451081177744115,0.30903265537220986,0.3149925924865095,0.0,0.26471362959270117,-0.5655647469180543,-9.79300478462809,53.94418821189697,0.20940836990654407,0.7797973230521223,0.0,1.0480563890339647,948.0000000000002,2382.0,2185.0,3578.0
2313.05,2.1307479839975656,14.682400576621356,41.120422712826915,0.30927392839229817,0.3157020559259946,0.0,0.26288476295462215,-0.4730541273327744,-10.122894874557064,54.14473464269983,0.20906988899087042,0.7802181880699441,0.0,1.055893351822287,948.0000000000002,2382.0,2185.0,3578.0
2315.02,2.1613990891384947,14.164619921336602,39.79595710770639,0.30971793080110355,0.3163852994298252,0.0,0.2610437338456447,-0.3767150948462927,-10.446902159978153,54.37185038759024,0.20880851015576224,0.7809511881318701,0.0,1.0636016892837414,948.0,2382.0000000000005,2185.0,3578.0000000000005
2316.9900000000002,2.183035587837336,13.634606241801,38.47988317052475,0.31012021869223844,0.3169768062312507,0.0,0.2591675580536736,-0.27658703324537115,-10.758890009547033,54.629812387466224,0.2086011752492171,0.7819154482481817,0.0,1.0709919170371727,948.0000000000001,2382.0000000000005,2185.0,3578.0000000000005
2318.9599999999996,2.1958096072301645,13.095848900496534,37.174495010947574,0.3102024549116673,0.3175788375742888,0.0,0.2572311990282588,-0.17263022584364798,-11.053734886316313,54.92222263486559,0.20830869480619815,0.7828965173074797,0.0,1.0778859931640614,947.9999999999998,2381.9999999999995,2184.9999999999995,3577.9999999999995
2320.93,2.1999743413214308,12.55206101586042,35.8821809472159,0.31065053098498874,0.31816413258759874,0.0,0.25520828309767635,-0.06478158481346276,-11.32742810473051,55.25191653493777,0.20784528383976694,0.7840707091847362,0.0,1.084125921243196,948.0,2381.9999999999995,2185.0,3578.0
2322.9,2.19586996400704,12.00705930721864,34.60541713263108,0.3107490880039139,0.31902126360497224,0.0,0.2530720049244525,0.046989122401172374,-11.57713125636649,55.62089745428569,0.20743884449424227,0.7851143092875937,0.0,1.0895814672449975,948.0000000000002,2382.000000000001,2184.9999999999995,3578.0
2324.87,2.183906824131723,11.464635071455815,33.346754355987564,0.31112497155383484,0.31966442508346504,0.0,0.2507962090973956,0.16262800269046307,-11.801185626280287,56.030299136206146,0.20710551594962545,0.7863024586178634,0.0,1.0941564500852308,948.0000000000001,2382.0,2185.0,3577.9999999999995
2326.8399999999992,2.16454758680033,10.92842426824972,32.108796676090705,0.31103146440994883,0.3204003677462181,0.0,0.24835660828811293,0.2819555399327069,-11.999077742727776,56.48037638868323,0.20662087832144058,0.7874680098004934,0.0,1.0977931869049122,947.9999999999998,2381.9999999999995,2184.9999999999995,3577.999999999999
2328.8100000000004,2.1382901929400697,10.40178560138083,30.894171040970047,0.31172258392982527,0.3210200061601197,0.0,0.24573207552316786,0.40463861466021145,-12.17136480253346,56.970523329827614,0.2061682255034131,0.788575344722561,0.0,1.1004748261671242,948.0000000000003,2382.0,2185.0000000000005,3578.0000000000014
2330.78,2.1056533885280238,9.887695821246368,29.705487689954925,0.31217466817620343,0.32146711880729983,0.0,0.24290591489766028,0.5301783411225439,-12.319565071916605,57.49931755588304,0.20581249832452544,0.7897225545293967,0.0,1.1022254685300228,948.0000000000001,2382.0000000000005,2185.0,3578.0
2332.7500000000005,2.067165962181545,9.388670277523797,28.545291748159297,0.31208079611662215,0.32209575373194105,0.0,0.2398669786128673,0.6579143247177511,-12.44601951693678,58.0645879018377,0.20543631330975282,0.790805892806634,0.0,1.1031081539350283,948.0000000000001,2382.0000000000005,2185.0,3578.0000000000005
2334.72,2.023359877310912,8.906713357811372,27.416007132102916,0.3124016918478214,0.32328916668941055,0.0,0.23661051459833202,0.7870441863534505,-12.55373181850563,58.6635029684442,0.2049887426226106,0.7917188809291381,0.0,1.1032209701581135,948.0000000000001,2382.0,2185.0,3578.0000000000005
2336.69,1.9747666195554152,8.443299238559483,26.319874868876617,0.3126664488123771,0.324044000703784,0.0,0.23313870333219186,0.9166556435175804,-12.646194455283045,59.29267717506146,0.20466516248091127,0.7927659862508513,0.0,1.1026916821538881,947.9999999999999,2381.9999999999995,2185.0,3577.9999999999995
2338.6600000000003,1.9219155513129909,7.99938046832769,25.25888901710573,0.31252552934806416,0.3247771726432842,0.0,0.22946088309700288,1.0457673142363608,-12.727208637470453,59.94829065908863,0.20429449319522267,0.793719462769998,0.0,1.101671363020459,948.0000000000003,2382.0000000000005,2185.0000000000005,3578.000000000001
2340.63,1.865332926105581,7.575420636593436,24.23473408913108,0.31308783426021264,0.3258868871593405,0.0,0.22559344061050862,1.1733738191199254,-12.80070556586393,60.6262188844887,0.20392226270433264,0.7947311710972489,0.0,1.1003275219290145,948.0000000000003,2382.0000000000005,2185.0,3578.0
2342.6,1.805540491614725,7.171446658306592,23.248727954874074,0.31387744129185796,0.3265332568684809,0.0,0.22155934518559026,1.298490682555681,-12.870575823453597,61.3221674143385,0.20348740500533105,0.7958884308422104,0.0,1.098837194993907,948.0,2382.0,2185.0,3577.999999999999
2344.5699999999997,1.7430530840403065,6.7871154841875265,22.301774025732286,0.31415761708215817,0.3275395711038379,0.0,0.21738735681992824,1.4201949501999616,-12.940512788195969,62.031807011097136,0.20314115693263357,0.796991450911361,0.0,1.0973804074598545,948.0,2382.0,2184.9999999999995,3578.0
2346.540000000001,1.6783749517726094,6.421789709421598,21.394326400217153,0.31483558598678063,0.32871922843621987,0.0,0.2131109728262752,1.5376583095961356,-13.013874929686903,62.750904084737186,0.20276382327023051,0.7979746289036543,0.0,1.0961343247738091,948.0000000000003,2382.0000000000005,2185.000000000001,3578.0000000000014
2348.5100000000007,1.6119947298351582,6.074616816740122,20.5263713182787,0.3154216069531051,0.32959820526215,0.0,0.20876716928846584,1.650170677079213,-13.093570796011878,63.47544155445634,0.20231419609874512,0.7991075126598912,0.0,1.0952682943708902,948.0000000000001,2382.0000000000005,2185.0,3578.0000000000005
2350.4800000000005,1.544379235392378,5.7446072427117585,19.6974273310297,0.31472172858889225,0.3299544586085546,0.0,0.20439499305573938,1.7571534707071796,-13.18196940891739,64.201725490767,0.2018896676656325,0.8005458741041785,0.0,1.0949398682212923,948.0000000000001,2382.0000000000005,2184.9999999999995,3577.9999999999995
2352.45,1.4759665805322697,5.430706839023869,18.90656507482551,0.3145118926993992,0.33051358554307164,0.0,0.20003408965935046,1.858162947317787,-13.280837681193182,64.9264734326872,0.20159692534038587,0.8015759391671352,0.0,1.0952918111462697,948.0000000000001,2382.000000000001,2185.0000000000005,3578.0
2354.42,1.407159324800939,5.131859923843792,18.152445757188364,0.3154260274909917,0.3305856796969486,0.0,0.19572327691360245,1.9528849260287173,-13.391305405963026,65.64688097698344,0.20118073824075433,0.8026012110972772,0.0,1.0964500383180027,947.9999999999999,2382.0,2184.9999999999995,3578.0
2356.39,1.3383184390351341,4.847060219462699,17.433375778193373,0.31621318011109506,0.33182126931125183,0.0,0.1914992656460948,2.041122876331724,-13.513857359147874,66.36066422422539,0.20092300491596846,0.8036616919687597,0.0,1.09852236946541,948.0,2382.0,2185.0,3578.0
2358.3600000000006,1.2697587827674854,4.575388286429157,16.747373589834517,0.31544163849414575,0.33224583630368215,0.0,0.1873955999053743,2.1227816999402127,-13.648351081948393,67.06607697268825,0.20062300737232186,0.804808791946259,0.0,1.10159793751977,948.0000000000002,2382.0000000000005,2185.0000000000005,3578.0000000000005
2360.33,1.201746658996763,4.316035235716843,16.092244035172907,0.31618112469704557,0.3324427550905736,0.0,0.18344185808612554,2.197849606514839,-13.794058009262278,67.76190300154947,0.20037459420089654,0.8056532770477832,0.0,1.1057470631065522,948.0,2382.0000000000005,2184.9999999999995,3577.9999999999995
2362.3,1.1344997909658852,4.068313452924016,15.465655017066,0.31612996408844596,0.3330319283974589,0.0,0.17966312169527,2.2663802984029484,-13.949724861526304,68.4474252476587,0.20013094949649188,0.8065451374787905,0.0,1.1110214124788207,948.0000000000001,2382.0000000000005,2185.0,3578.0
2364.2699999999995,1.06818977717449,3.8316558424591296,14.865211432674037,0.3160068196443456,0.33366713973854817,0.0,0.1760796684746165,2.328477254950565,-14.113651645427558,69.12237505972966,0.1998604516910306,0.8075534729116775,0.0,1.117454292952101,947.9999999999999,2382.0,2184.9999999999995,3577.999999999999
2366.2400000000007,1.002946786471457,3.6056056810643784,14.288521869049331,0.3175254269489724,0.33391016545127156,0.0,0.17270679185347676,2.384281318279555,-14.28378219559809,69.78686585297349,0.1995694206354596,0.808516062865176,0.0,1.125060992710027,948.0000000000003,2382.0000000000005,2185.0000000000005,3578.0000000000014
2368.21,0.9388660140276134,3.3897995072341196,13.733254482687673,0.3180659861746388,0.3344024451938073,0.0,0.16955462414463338,2.4339621887966016,-14.457802932766633,70.44131618733533,0.19932277252382882,0.8094611304580754,0.0,1.133839120249333,948.0000000000001,2382.0000000000005,2185.0,3577.9999999999995
2370.18,0.8760152802021193,3.1839455421280927,13.197179597499737,0.31663206348002204,0.334287994365001,0.0,0.16662786503801666,2.4777139596223376,-14.633245437960301,71.08636753600112,0.19905536384082628,0.8104097987774431,0.0,1.143768932241531,947.9999999999999,2382.0,2185.0,3577.9999999999995
2372.15,0.8144431643348223,2.9877999968040183,12.678197711315374,0.3175869114742979,0.3366352291428492,0.0,0.16392536578724834,2.515754455313422,-14.807588577454569,71.72280191284011,0.19881085257039763,0.811415404479217,0.0,1.1548136604847714,948.0000000000001,2382.0,2184.9999999999995,3578.0000000000005
2374.1200000000003,0.7541871949413677,2.801143359193277,12.17435277195967,0.31802493567508033,0.33640051205174026,0.0,0.16143956481072969,2.5483278582872706,-14.978356252573905,72.35146407392237,0.19856495810945898,0.812399564179438,0.0,1.1669198675419072,948.0000000000002,2382.0000000000005,2185.0000000000005,3578.000000000001
2376.09,0.6952817352596656,2.6237584154307334,11.683831834093521,0.3186234548625772,0.3383429665886726,0.0,0.15915580833049228,2.575709902536255,-15.143207319029724,72.97319218080237,0.19830739284172808,0.8133408974024686,0.0,1.1800178810068953,948.0,2381.9999999999995,2185.0,3578.0000000000005
2378.06,0.6377652379395778,2.4554113528956854,11.204953508817919,0.318955291565748,0.34009884800227397,0.0,0.15705161987157057,2.598214781767928,-15.300014744129891,73.58875978699763,0.19812701866137106,0.8143007399998721,0.0,1.194022374653995,948.0000000000001,2382.0000000000005,2184.9999999999995,3577.9999999999995
2380.0299999999993,0.5816865902260987,2.2958368083852565,10.736148786975663,0.31878419830509763,0.34062109779501615,0.0,0.1550960107707595,2.616202834155916,-15.446931645694077,74.19883099087936,0.19792532389005207,0.8152747581338791,0.0,1.2088331756315682,947.9999999999998,2381.9999999999995,2184.999999999999,3577.9999999999986
2382.0,0.52711039188865,2.1447271968252335,10.27593866024294,0.31887,0.34106,0.0,0.1532489599413321,2.630088015357968,-15.58244257323043,74.80392958025261,0.19766,0.81621,0.0,1.224336373734496,948.0,2382.0,2185.0,3578.0
